Ticker,GICS,Model,Alpha,Beta_MKT_RF,Beta_SMB,Beta_HML,Beta_MOM
AFG,25,Carhart,0.005356503984720587,1.0918939688670677,-0.2886985267286851,0.5885138491019863,0.041834396172593234
ALV,25,Carhart,0.0049843034525837715,1.3005903896638447,0.12359311844766566,0.2740159883472721,-0.3185756356100095
AMZN,25,Carhart,0.020149746838420628,1.5593461007107556,-0.2261309789924702,-1.473216580247363,-0.22906694041218562
AN,25,Carhart,0.005629081812213835,0.7374598301090476,0.5063174498970071,0.33825631578502163,-0.3872598610023473
ANF,25,Carhart,0.004443115777646486,1.3229596300984525,0.20383863276200326,0.0919019750601615,-0.29586519007897016
ARKR,25,Carhart,0.007323647593644792,0.516232352465976,0.626519254065759,0.2483356495368547,-0.32080361040962924
AXL,25,Carhart,0.0064996020723308515,1.3894842887479764,0.5868876368394137,1.2909903984003794,-0.44556575311912844
AZO,25,Carhart,0.013150884097013416,0.490639750611374,-0.1200449563699204,0.2928195441683732,0.030976608546054593
BBY,25,Carhart,0.009905518774072978,1.3568298674145762,0.38617815776474285,-0.5062243224781728,-0.5470811078429979
BC,25,Carhart,0.0019531684674441814,1.634207122876036,1.062546754042906,1.5053300199858293,-0.44773729365680076
BDL,25,Carhart,0.00900375051621068,0.520615619458985,0.05355993839977337,0.13401788806004586,-0.046828296682604936
BKE,25,Carhart,0.008691176718371565,0.46213498102312106,0.7762428407678864,0.6426430981084252,-0.3707322536738025
BSET,25,Carhart,0.005898510068138504,1.2153324693585743,0.4698214548401453,1.345194173321566,-0.10392804383242538
BWA,25,Carhart,0.006882438668994904,1.2159506342568212,0.06749896226236998,0.4564960098177516,-0.25196425671349193
BYD,25,Carhart,0.008528538194735596,1.2394487127378109,1.2600198895553025,0.613612084330887,-0.779831559058974
BZH,25,Carhart,-0.0042018004784601,2.2365905174049283,1.6925198081488695,2.528619864120402,-0.9529916842322887
CAKE,25,Carhart,0.005384433178333896,0.9286666450041561,0.3656402358498566,0.39685061685153916,-0.32842152033759076
CBRL,25,Carhart,0.014147321265610182,0.4477438153292078,0.14723413117022263,0.43070477598452367,-0.2222827717705172
CCL,25,Carhart,-0.0005094126689641791,1.036322769908773,-0.022393600601680552,0.7097840938255476,-0.17987501577604242
CDE,25,Carhart,0.0025367881538311456,0.7339282897166518,1.25404774165903,0.04027477962031595,-0.6098501204461546
CECO,25,Carhart,0.007630242070779201,0.9838296090206227,0.9158624506225128,0.7740939236515045,0.2641898762851216
CHDN,25,Carhart,0.007210401854079013,0.8709059045446694,0.22799906608290682,0.7282603132058643,0.09803271645133822
CHH,25,Carhart,0.00902946221839495,0.6402058696721815,0.4521299097420432,0.5430820655256142,-0.04194677684065512
CNTY,25,Carhart,0.013672998069899507,0.6767801732195581,0.37061593687611305,-0.0789672226258248,-0.44908512495335184
COLM,25,Carhart,0.010595915925092275,0.9812465551972097,0.3151239078556153,0.21014658792004487,-0.2042002528889981
COO,25,Carhart,0.01243148637101378,0.5421126231904945,0.18551982990513083,0.23434403011350555,-0.036848679851243814
CSV,25,Carhart,0.008577004942478865,0.6545000321550085,0.48542700706353936,0.05469018486770133,-0.3699035087163258
CTHR,25,Carhart,0.005452606869694744,1.0214980783785208,0.3312500276695544,-0.1827384185438849,0.06764933272639949
DDS,25,Carhart,0.006101822652977474,1.1578250390612106,0.5033317626951552,1.1637895601476662,-0.3710915554267408
DECK,25,Carhart,0.021341396297366175,1.4557219965476116,0.4804424651759976,0.5347563237658878,0.5364017420796695
DHI,25,Carhart,0.00837334189637325,1.119883511426768,0.3881908914470543,0.8325262044923376,0.0007149166021716696
DIT,25,Carhart,0.010208356439343667,0.23110574853068505,0.11536268581429365,-0.2331296112294581,-0.42399490027457926
DRI,25,Carhart,0.011379427746138565,0.6013521346633606,-0.15604905848902487,0.4718133617711683,-0.10449460802738267
DXYN,25,Carhart,-0.004185664419571681,0.7897520788044782,1.0194041431670613,1.1086014201684797,-0.463448960859096
EAT,25,Carhart,0.006850221748941034,0.7958707687500901,0.13248750059376468,0.5496850936724803,-0.1475895980184953
EBAY,25,Carhart,0.008942479418704989,1.3093916562995966,0.08838746285043149,-0.7195779212995983,-0.4760329637527824
EDUC,25,Carhart,0.01481279286127887,0.2876792257365755,0.48633459077808183,0.38010445107800284,-0.46683251096679
ELY,25,Carhart,-0.0011738734218266914,1.1633980622938354,0.041063885093485394,0.6510442778902972,-0.13965648962868576
ESCA,25,Carhart,0.012091346046242117,0.8593534137863699,1.1532585576023069,0.9370465577504752,-0.5030514151024525
ETH,25,Carhart,-0.0059674722959635225,1.2728116749377612,0.6891424273889226,1.270189725460336,-0.0851206814105607
F,25,Carhart,-0.0008150774149794414,1.1031855672376467,0.38548006277794244,0.6540088929129853,-1.0399161866304603
FLWS,25,Carhart,0.0027025917085064955,1.301690548044303,1.1047204122669367,1.044320160576384,-0.5620157663879242
FLXS,25,Carhart,0.002475514694022126,0.48491459847787993,0.7461596784058845,0.5976478876894099,-0.17065551649761765
FOSL,25,Carhart,0.004739685837718208,0.8934124118825364,0.9124811772573864,0.3796790754678368,-0.40860611861443796
FUN,25,Carhart,0.006053698717639667,0.6508444964592653,0.30557529333801187,0.6114658338498165,-0.1498895880336348
GCO,25,Carhart,0.004928347345666334,1.1936253239375552,0.6040740479434425,0.847297317081888,-0.09814535566841662
GES,25,Carhart,0.007332654619873147,1.6248825095995734,0.2601241178025758,0.3075468590717461,-0.03513374894295983
GIII,25,Carhart,0.01486740120546826,1.5816378527771957,0.45164770870411974,1.0602712143019848,-0.09313681000174195
GIL,25,Carhart,0.013310872434307425,0.8964836857666979,0.6195733882446283,0.48053071606418635,-0.023698630898344113
GNTX,25,Carhart,0.004905999380611972,1.1019450074357156,0.16077435853151134,0.22380321940960696,-0.2941561351081079
GPC,25,Carhart,0.005025989832275565,0.6908910706971005,-0.03041822960170803,0.5197377470537266,0.024935819827908545
GPI,25,Carhart,0.005294073552323911,1.265525336778356,0.5095184939389137,0.8329692729432883,-0.32020486583672453
GPS,25,Carhart,0.0002517563612962517,0.8976821692563929,0.4313957267838383,0.0861602420946338,-0.4979563203298514
GT,25,Carhart,-0.0012927591164407,1.7072516832259268,0.4992881979818492,0.9080435618711408,-0.5484955107695275
GTIM,25,Carhart,0.017532294979901192,0.8921945491078076,-0.19975135428863117,-0.5151768947698598,-0.6589240141588439
GV,25,Carhart,0.01625111696272755,1.4085915962102908,0.536528781280746,0.647979502732202,-0.13619954050553557
HAS,25,Carhart,0.006199199867645357,0.8716560592838345,0.11114336440849193,0.1410391474004333,-0.07983302363227177
HD,25,Carhart,0.0019867198343122353,1.0277592675311125,0.1134913751927472,0.2869997769452698,-0.004996193772157667
HELE,25,Carhart,0.010967994427710044,0.8710501574890583,0.6269498386495034,0.9985924024788317,-0.1487794946797481
HMC,25,Carhart,0.0004969822492328917,0.7168256954253531,-0.01878547949690894,0.2662657079550042,-0.047504291989920115
HOV,25,Carhart,-0.0043834792409047545,1.5840508246958445,1.3955883165156335,2.534025013153083,-0.5332092748566661
HRB,25,Carhart,0.0030495874176020106,0.7190920624283548,0.06480228150537454,0.4025980909729511,0.5511362202710866
HVT,25,Carhart,6.762894795736205e-05,0.6035103575199401,0.7730720888610813,0.947950970086669,-0.05130333641667628
HZO,25,Carhart,0.006286119766787125,1.210515490835842,1.4691192473135128,1.3125838950659428,-0.890034467789134
JAKK,25,Carhart,-0.005952584356991062,1.0033186277474484,0.388406351776763,-0.16601142664397606,-0.2828920032037877
JWN,25,Carhart,0.0053192475819034,1.3134844541374298,0.20169902613363033,0.6783186111760703,-0.20485709346364137
KBH,25,Carhart,-0.0004510152129539376,1.2021031339077308,0.890017146673362,1.2826324215006997,-0.12350480359733484
KSS,25,Carhart,0.0025707529586155922,0.7785874130447024,0.12785273481307413,0.2870683038458353,-0.19015884637402458
LAD,25,Carhart,0.007601593154022959,1.2293713891611504,1.1106543875731567,0.6976566753810409,-0.3056630891519567
LAKE,25,Carhart,0.01381965244853963,-0.0006462592031095116,0.7411618359079711,-0.1048066030216831,-0.5098198461963095
LCUT,25,Carhart,0.005009397406299798,1.0625925674425694,0.815057429469158,1.1146728525564793,-0.5666013708464325
LEG,25,Carhart,0.001414799288837281,0.9515171695854618,0.09346660299506672,0.6741399895628943,-0.13136326114370947
LEN,25,Carhart,0.003994045930864103,1.1487582364845585,0.5457696887879715,1.1283457844277303,-0.04621300384335859
LOW,25,Carhart,0.005325748668829008,1.0463213882063425,0.18438292009496593,0.47175835193484716,-0.02074781555956861
LZB,25,Carhart,0.004367058221207365,1.2724564009438728,1.3919250583601532,1.5581948462373518,-0.22002950992540357
MAR,25,Carhart,0.006692082447847827,1.0057592215280777,0.17082907782606496,0.5475752143254082,-0.4911137939096918
MAT,25,Carhart,-0.00010675766239342447,0.5442802702847376,0.24899161314071694,0.693712492921009,-0.2991765777176425
MCD,25,Carhart,0.006730135825083278,0.7266381424787831,-0.5603215446809062,0.2024768049020782,0.08022417761428355
MCRI,25,Carhart,0.013183206384016564,0.6122428573781991,1.2010871670620988,0.8153605788485365,-0.4558047868321657
MGA,25,Carhart,0.005532556808800265,0.9722680790958247,0.42399061510876196,0.4268699523269768,-0.22668613291787354
MHK,25,Carhart,0.0030654317108996043,1.1850771437648397,0.7302703566437376,1.0152295944244547,-0.39325910546059806
MHO,25,Carhart,0.003484975417326803,0.8820905206876989,1.360612220577977,1.5577102495653126,-0.7307028807646897
MNRO,25,Carhart,0.013493897535725876,0.3368896701323562,0.7742280304037351,0.38195849539282606,-0.06337167889747791
MSN,25,Carhart,0.014881345884990956,1.1781237071210813,0.6409904397388158,0.09279968988910417,0.2172856609155751
MTH,25,Carhart,0.00890694049303509,1.0068957103192586,1.2015235660709642,1.3435988500519913,-0.26949328371709175
MTN,25,Carhart,0.008961115587695603,0.9909069047937578,0.3644353513533878,0.4622368894881161,-0.22575856137673503
NATH,25,Carhart,0.013324740850778855,0.3601528250304694,0.8394138498843088,0.3004347379924617,0.15637645375899042
NKE,25,Carhart,0.011167482224858595,0.7965025420035594,-0.6327135562541716,0.38532323465813445,-0.04558886428354342
NVR,25,Carhart,0.01375452468930426,0.8141199677779629,0.11037894140212368,1.005313889967606,0.10343833712478664
NWL,25,Carhart,-0.0008410510838114569,0.9147167855068296,0.18047884159918012,0.5601295098693184,-0.4070854942926652
ODP,25,Carhart,-0.002721168209737882,1.8957322521303988,1.2387811201035457,1.0962443102610517,-0.8365110615533019
ORLY,25,Carhart,0.0137007689804431,0.7657647087325312,0.02695022256327785,0.18720408967261104,0.18839701079424134
OXM,25,Carhart,0.009733572621117556,1.1280036773695539,1.0432636933406183,0.8854117030152593,-0.46762495501927714
PATK,25,Carhart,0.01349267764319188,1.3033426710912566,0.8962872639346844,1.0457080728406987,0.11741435119192055
PENN,25,Carhart,0.017859774150078188,1.0156024930366658,0.01865445227072507,0.05459381279724035,-0.35753908771495313
PHM,25,Carhart,0.00428784920800793,1.1474919952118658,0.2392392971336049,1.22835438823114,0.11136160253221081
PII,25,Carhart,0.007576427923433075,1.0158185606656265,0.9135254338463248,0.741792528692417,-0.31278475774176984
PIR,25,Carhart,-0.0007436154482640296,1.48529093452766,2.2591844521941997,2.2426803055927924,-1.5416147982805946
PLCE,25,Carhart,0.012328706549223755,0.9558842701694105,0.45155386836581246,0.7181772433919591,-0.5004214925774367
POOL,25,Carhart,0.012345124263036775,0.8546257081701745,0.43243532807037394,0.8216067639534055,-0.24901287610513345
PVH,25,Carhart,0.0065717011511672255,1.1853612610484325,0.4954595325997281,1.1425924796479454,-0.06841909088587082
PZZA,25,Carhart,0.008151659686788843,0.4705604000468441,0.06802243344040829,0.1709668578315944,-0.07344261892895723
RCII,25,Carhart,0.0036648876872557436,0.4498390759234634,0.7092323542835276,0.9301415913222019,-0.05129818467101231
RCKY,25,Carhart,0.011073996417574533,0.6431218738658239,0.7448117808551259,0.1296931750345099,-0.36970843905882556
RCL,25,Carhart,0.0034841494027451955,1.8145684277434588,0.46861905553730293,1.1223067487508493,-0.4544328955215102
RF,25,Carhart,0.0,0.0,0.0,0.0,0.0
RGR,25,Carhart,0.015227297771048826,0.18170389471463133,0.5978662858174164,-0.09031589981402183,-0.11811979759182634
RICK,25,Carhart,0.014178981480746916,1.0333517254160842,1.1083044487114768,0.30900900864271313,-0.3020282823020463
RL,25,Carhart,0.004976967224467652,1.011638284652663,0.6092068337552485,0.5974088159981663,-0.15514337007947124
ROST,25,Carhart,0.016811153557651858,0.7266473788214899,-0.10770096890531777,0.14312396282221182,-0.22227250922111907
SAH,25,Carhart,0.0053110862669812076,1.370290189834979,1.5744695905492816,1.3311463547798064,-1.339266563981924
SBUX,25,Carhart,0.012627180286860565,0.6900962581389191,0.5041742076754168,0.19216562470345352,-0.17079089084349058
SCVL,25,Carhart,0.005017335579683731,1.2133933001417812,1.134003521487993,1.2106357005011925,0.12821642100215386
SGC,25,Carhart,0.008123145841252233,0.350918075153164,0.3179204778654515,0.170944404030702,0.17072849592931252
SHOO,25,Carhart,0.013794377880836997,1.1612578654108607,0.11377353606050589,0.7259988070847878,-0.508736130198006
SKX,25,Carhart,0.01802451986260287,1.1755696202076904,1.2039394813542688,0.3449773817866421,-0.5296629190722236
SKY,25,Carhart,0.003538422747291419,1.14747077430098,0.3372379695153454,0.4316068116637287,0.012812660171524139
SMP,25,Carhart,0.006558399808166958,1.2835933642476105,0.7498611762500398,1.0871359245783259,-0.3250034726443785
SNE,25,Carhart,-0.005455596169162001,1.2853093166211444,0.4675882314398394,-0.15532419390038255,0.007748929096744871
SON,25,Carhart,0.003364795204323649,0.9022784608910499,-0.11343613742974817,0.32949443651562976,-0.09559096117431085
SRI,25,Carhart,0.002824679791528918,1.4406474716417046,0.815082032230424,1.2423055814441941,0.1895476750463444
STRA,25,Carhart,0.007719814415111115,0.529428658871396,0.7689363664073727,0.38870983494059114,0.20188674481341262
STRT,25,Carhart,-0.0013705835090719702,0.6818815737940533,0.8187694882781148,0.8312198703278175,-0.13870911009526082
SUP,25,Carhart,-0.007540453382081295,0.9782330513710635,0.4150884186568844,0.7891034487046096,-0.06136944383963108
SYPR,25,Carhart,0.0012720292168943966,0.7042763262581938,0.9611145053347396,-0.465416250841594,0.012661809865347609
THO,25,Carhart,0.007403252923864873,1.1002693857651011,1.0490761167761424,1.0068023265271036,-0.4758418479023601
TJX,25,Carhart,0.012025740169028666,0.722897184587337,-0.3413616803517797,0.2648941404940648,-0.019041641552145668
TLF,25,Carhart,0.01051823665904185,0.47985596334809955,0.23709984772721887,0.5484881121364721,-0.32176386211029506
TM,25,Carhart,0.00021608137902021454,0.6603953534661245,-0.09248009760306719,0.21091694819834314,-0.15641878612957136
TOL,25,Carhart,0.003507096678192269,1.0262075932912924,0.419134384259716,1.2153194663544191,0.18046231085782205
TSCO,25,Carhart,0.02022335861306883,0.6786213756757704,1.0255999166799152,0.08057421444724348,-0.43752261962642036
UEIC,25,Carhart,0.0008981431673998276,1.1818485830980459,0.3836133121144951,-0.10861893726387015,-0.05210962068397665
UFI,25,Carhart,-0.0013170201757263435,1.1009340014344642,0.7955043744823472,1.7361318933818541,-0.03436247222199535
URBN,25,Carhart,0.01035791905358583,0.9759743773678146,0.47198618386923213,0.8971179857943443,-0.09013006683133502
VFC,25,Carhart,0.009054438824503356,0.8492353190834726,-0.1692147963905834,0.44701745377602053,0.03308014393233647
VOXX,25,Carhart,-0.0059837268269473665,1.094146218394552,1.9186237162998623,0.13517535103979705,-0.4662590392164926
VTR,25,Carhart,0.01581045919466295,0.44774154574543834,0.26480324660598814,0.8553354739368348,-0.2696852852174538
WEN,25,Carhart,0.006754883861609244,0.8932816634592307,-0.18833609694129744,0.5887169100137124,0.18310366815556897
WEYS,25,Carhart,0.004355921960846807,0.3797353822923559,0.532547370538031,0.47571212699112747,0.10653835950835895
WGO,25,Carhart,0.0014466821056559388,1.4276999543550768,1.521332978704632,1.5765976871816858,-0.4097335341664736
WHR,25,Carhart,0.0007629835388927361,1.2139094110736552,0.4857309880760162,1.126718299033007,-0.45575873962067426
WSM,25,Carhart,0.0031495706306390106,1.1409885322435662,0.7563683280762428,0.5675365666885328,-0.3354843303827288
WWW,25,Carhart,0.007379852489502764,0.7660453361503055,0.609741400489014,0.4592400731505335,-0.10583246402725266
YUM,25,Carhart,0.011250791125409481,0.6548310578657213,-0.025506366126991503,0.15014339742722038,-0.09537853287499201
A,35,CAPM,0.0005576960126091872,1.747887077608559,,,
ABT,35,CAPM,0.007382524690488532,0.3940577190911062,,,
ACET,35,CAPM,4.748208651826971e-05,1.2541361850675514,,,
ADSK,35,CAPM,0.011870201152659441,1.7105154871408286,,,
ALKS,35,CAPM,0.012775972991252226,1.474764231534055,,,
AMGN,35,CAPM,0.004756886013083826,0.6393538462483033,,,
AMRN,35,CAPM,0.03651019896223279,1.039447799052111,,,
AMS,35,CAPM,0.001808435482630856,0.9424022380150706,,,
ANIK,35,CAPM,0.01385838429854044,1.6998399794119017,,,
ATI,35,CAPM,0.005517766711566809,1.8866451656635057,,,
AZN,35,CAPM,0.004912556165323365,0.48920312601649674,,,
BASI,35,CAPM,0.00828451312096088,1.2606491187956235,,,
BAX,35,CAPM,0.00657843733157847,0.5537165353000648,,,
BCRX,35,CAPM,0.017515617222471233,2.158157038308831,,,
BDX,35,CAPM,0.00887975888868114,0.5917360739358168,,,
BIO,35,CAPM,0.011737075500416708,1.0086409038390471,,,
BMRN,35,CAPM,0.01297066074437479,1.3806154908396868,,,
BMY,35,CAPM,0.0016640366253243177,0.5639131323393122,,,
BRKS,35,CAPM,0.006055199209003801,1.9706455981294202,,,
BSX,35,CAPM,0.005204730966675815,0.8351861759731145,,,
CAH,35,CAPM,0.00305094092738159,0.6114235497925335,,,
CERS,35,CAPM,0.0037408306236867608,1.9242954223348896,,,
CI,35,CAPM,0.009350626038667879,0.9491825786902991,,,
CLB,35,CAPM,0.009528647394220463,1.1436880170712178,,,
CNMD,35,CAPM,0.006189176662999919,0.8774837238327051,,,
COO,35,CAPM,0.013255550889165359,0.5859883583264822,,,
CRVL,35,CAPM,0.011877380152691536,0.5986218871805147,,,
CRY,35,CAPM,0.015661262075505375,0.8820015822633742,,,
CSU,35,CAPM,0.0030034368062510177,1.2271576195696294,,,
CVS,35,CAPM,0.00500466244419084,0.7165410065763942,,,
DGX,35,CAPM,0.011695152579198058,0.4775833403176791,,,
DHR,35,CAPM,0.007988271759041793,0.8621219935190052,,,
DYNT,35,CAPM,0.008088207311455795,0.9332516223490208,,,
FMS,35,CAPM,0.003490241419664781,0.7580107448781357,,,
FONR,35,CAPM,0.010168136130500226,1.0164649270376882,,,
GERN,35,CAPM,0.015051230878640104,1.6205344023791084,,,
GILD,35,CAPM,0.016519821448324624,0.852749629692565,,,
HAE,35,CAPM,0.008920057271718207,0.4095123458991643,,,
HML,35,CAPM,0.0014773267619409807,-0.03300308204716336,,,
HOLX,35,CAPM,0.015568191405647327,1.4861373092620496,,,
HSIC,35,CAPM,0.013723771756308418,0.511142278744387,,,
HUM,35,CAPM,0.017459299923622364,0.7387454926918332,,,
IART,35,CAPM,0.014383845738638388,0.8837586373232982,,,
ICCC,35,CAPM,0.012023060998791496,1.0298880149084382,,,
ICUI,35,CAPM,0.014804546866327336,0.3622510904318258,,,
IDXX,35,CAPM,0.017067223519856966,0.7965492830446049,,,
INCY,35,CAPM,0.013564258831842592,1.901092275744403,,,
IRIX,35,CAPM,0.00591441110836015,1.4207840332365345,,,
JNJ,35,CAPM,0.004901397075644797,0.3833214935747047,,,
KEQU,35,CAPM,0.008174784056148498,0.5365400139183433,,,
LH,35,CAPM,0.01168684657871048,0.44008491867861604,,,
LLY,35,CAPM,0.004386056726389488,0.44873495084362164,,,
LNDC,35,CAPM,0.0043530384967930755,0.9433360661001464,,,
MCK,35,CAPM,0.006813909418374763,0.7270590520800665,,,
MDT,35,CAPM,0.0032706535942829225,0.6573843508156357,,,
MLAB,35,CAPM,0.01975580385811563,0.4203211620946563,,,
MMSI,35,CAPM,0.01909432547306094,0.7005001679584928,,,
MOM,35,CAPM,0.0024102608050380783,-0.42555266204503994,,,
MRK,35,CAPM,0.003148527602671103,0.4580929316419725,,,
MTD,35,CAPM,0.00921621818057033,1.1746132985728805,,,
MYGN,35,CAPM,0.013983182322883491,1.02113492005903,,,
NBIX,35,CAPM,0.015283662514018049,0.965071924947345,,,
NEOG,35,CAPM,0.018818441311683812,0.8649078677601688,,,
NHC,35,CAPM,0.015837060049634755,0.5797843496196502,,,
NTN,35,CAPM,-0.006786287100429425,1.6005779030875673,,,
NVO,35,CAPM,0.013148474605825366,0.5943410829811259,,,
OFIX,35,CAPM,0.006388599137006529,0.6824010968499826,,,
OMI,35,CAPM,0.002713783042653111,0.6497060459516083,,,
PDCO,35,CAPM,0.0033217297443813893,0.4704147752753856,,,
PDEX,35,CAPM,0.011773442740733926,0.6044232432790628,,,
PFE,35,CAPM,0.002136560629205501,0.5732182710228144,,,
PKI,35,CAPM,0.005797678507099507,1.3804287445799606,,,
PRGO,35,CAPM,0.007807386329571583,0.6641126942867356,,,
PTN,35,CAPM,0.0021215167953231202,1.5981784516978967,,,
QDEL,35,CAPM,0.013137049081829028,1.1014291914979468,,,
REGN,35,CAPM,0.03108230594363664,1.6082019987160332,,,
RF,35,CAPM,0.0,0.0,,,
RGEN,35,CAPM,0.023707884212870463,1.3830769238877734,,,
RGR,35,CAPM,0.015497595302409354,0.3554950287460732,,,
RMD,35,CAPM,0.014462179916189786,0.7376728058915472,,,
RMTI,35,CAPM,0.011938045374428458,1.3828595425077121,,,
SMB,35,CAPM,0.00027430108115881406,0.20529244067509753,,,
SNN,35,CAPM,0.00776953138178224,0.4937996154357803,,,
SRDX,35,CAPM,0.008471539505675722,0.8879558453882916,,,
STAA,35,CAPM,0.018360184103974407,1.5751223483777337,,,
STE,35,CAPM,0.010599275853135973,0.6091726399182068,,,
SYK,35,CAPM,0.008812851036164165,0.654714527112451,,,
TECH,35,CAPM,0.00761450820508935,0.7173483946334692,,,
TEVA,35,CAPM,0.0052759254168165464,0.32249958302918286,,,
TFX,35,CAPM,0.008791684619889762,0.8247231969881574,,,
TGT,35,CAPM,0.0023653342821193164,0.8279134711946183,,,
THC,35,CAPM,0.0023882369555159964,1.1470129604829062,,,
TMO,35,CAPM,0.010296522467775744,0.979269595433425,,,
UFPT,35,CAPM,0.013876663867312995,1.0568069365182287,,,
UHS,35,CAPM,0.011857509187366685,0.6401409548565583,,,
UNH,35,CAPM,0.015543152964897666,0.601683797277076,,,
USPH,35,CAPM,0.01602524165091235,1.1535787941560243,,,
UTHR,35,CAPM,0.013879635163552046,0.6995965142324921,,,
VRTX,35,CAPM,0.016683911220327193,1.1587673067108388,,,
WAT,35,CAPM,0.00828938861252167,1.0260955012588537,,,
WSFS,35,CAPM,0.009031948156282972,0.9136259681452625,,,
WST,35,CAPM,0.010861471005843972,0.7721291294115066,,,
XOMA,35,CAPM,0.003226863926493382,2.2058922052548287,,,
XRAY,35,CAPM,0.005427072661107531,0.6292025113274002,,,
AAPL,45,Carhart,0.020520409893445474,1.3271007639662111,0.1508404339384359,-0.963362812711778,-0.033724628785316985
ADBE,45,Carhart,0.01010712231359229,1.4609246066769903,0.6253932083161868,-0.37053007481399414,0.15997930492318196
ADI,45,Carhart,0.004181813258085163,1.3981189854920575,0.6763765651784549,-0.7530732085152354,-0.1419661380314452
ADSK,45,Carhart,0.011501765126518985,1.5135693976887787,0.6558693662409438,-0.0481173427211367,-0.1487432549545078
ADTN,45,Carhart,0.00023024827979234604,0.7474902352536557,0.7506145631630636,-0.44964833243129976,-0.5736395231961254
AEHR,45,Carhart,0.0031558666674401815,1.4932512063715322,0.47219133973020966,0.6760901737890785,0.5544729975520071
AEIS,45,Carhart,0.004184627451834625,1.706166455975529,1.7127275401092135,-0.31447754469420924,-0.17819752526930455
AKAM,45,Carhart,0.008031045192255025,1.7803681043863089,0.8646024179131165,-1.606037049913934,-0.5835059533041336
ALOT,45,Carhart,0.010569286020584472,0.6787805130724427,0.01796489632104316,0.3095605415493522,-0.10229935683116917
AMAT,45,Carhart,7.988676995955958e-05,1.3577915626511565,0.8275051697335897,-0.410172334294347,-0.24321881486771751
AMD,45,Carhart,0.011403744434439658,2.0632689348952096,0.6440126482222008,-0.21082853148756517,-0.8506708778355376
AMKR,45,Carhart,0.0067514273529063005,1.9373614503684462,1.8482011321052687,-0.20755832929462745,-1.106057088147434
AMSWA,45,Carhart,0.007904619011374328,0.8758142407767038,1.4058461508238653,-0.7515019430595733,-0.46810154638322254
ANSS,45,Carhart,0.014624798897799267,1.0900991360169696,0.28615248600334997,-0.08455961667884374,0.2276116047245756
APH,45,Carhart,0.014046636885359103,1.3400344976816936,0.06820907128673608,-0.7787653512230763,-0.18615201918872104
ARW,45,Carhart,0.0015647629240453159,1.4767901103045507,0.566384556286426,0.11351600515375386,-0.1134148700621662
ASGN,45,Carhart,0.0029655050844691814,1.9013474121321914,0.6284555982080952,1.073739611319695,0.440543376544813
ASML,45,Carhart,0.007214832052063913,1.6246439748945154,0.4692567340560527,-0.5794726575139579,-0.35584846574389994
ASYS,45,Carhart,0.016789005455719336,2.626805340507868,1.1471632664349602,-1.202066742137497,0.289679115997569
ATI,45,Carhart,0.003938299796710648,1.6151978649410415,0.4559463099562476,0.9698407521520931,-0.5053114475855052
AUDC,45,Carhart,0.004652550371719639,1.7846599960364018,1.184927558028833,-0.9927165817662688,-0.5462287363337819
AVT,45,Carhart,-1.747132819851136e-05,1.2383924168244809,0.8425078664705554,0.048772753078538705,-0.408806875246283
AWRE,45,Carhart,-0.0006213283350684556,0.8420394817334369,1.8221205892238914,-0.6250958155003346,-0.06546278169870862
AXTI,45,Carhart,0.011514296093453624,1.8193776007589608,2.198962658452313,-1.267852010699721,-0.38679100718389986
BELFB,45,Carhart,-0.003486426326046071,1.3693256860274832,0.9106381992286963,0.7689154184613849,0.12157832002933885
BHE,45,Carhart,0.0023449190686243926,0.9599692550694703,0.8370886282790253,-0.12100640446687733,-0.19527559852718573
BMI,45,Carhart,0.01220445822953085,0.6803856437429431,0.24995196218842372,0.33093544348234044,-0.03020899448033127
BNSO,45,Carhart,0.0008790874112343154,0.64669267448593,1.8448498206792259,-0.08293549885186191,-0.1883332201613488
BOSC,45,Carhart,-0.004942670534162187,0.6704283764375571,1.5863810776186698,-1.4874068591217138,0.02347497659171767
CGNX,45,Carhart,0.006973035918206416,1.6104194442513946,0.15386617242325018,-0.2684575752004074,-0.014561534064753304
CHKP,45,Carhart,0.009355672894173139,0.9777490783362398,0.6299326865046453,-1.3148063268522598,-0.23703240507439405
CIEN,45,Carhart,0.0009606750135210842,1.7349772492283893,2.1057233578755388,-0.9752702993724462,-0.4286183649747999
CLS,45,Carhart,-0.003132315507776415,1.5571034181545098,0.17814831179792573,-0.5566671847428789,-0.7950901683206735
CMTL,45,Carhart,0.011172101891337468,0.8521519514510005,1.1311204543225428,-0.4217773941309684,0.10780075603250858
COHU,45,Carhart,-0.0015568285971598054,1.0471227960390987,1.4352959025458445,0.0885014364067399,-0.3796606038903965
CR,45,Carhart,0.0036025437363623714,1.2667529918107656,0.1264828337081013,0.518837700302621,-0.16185810712095913
CREE,45,Carhart,0.008348098779363535,1.076682953503808,1.4181567352787714,-1.0896400727584834,-0.26967852647837315
CRUS,45,Carhart,0.015596632553185271,1.0849060869472074,1.3986245201361514,-0.8504131755312372,-0.751037791203488
CSCO,45,Carhart,0.0007969492575613359,1.3284298424374856,0.10993116729799823,-0.6714200067351175,-0.3147182317084465
CSPI,45,Carhart,0.006929319738934988,0.48582223347205755,1.2200272260563159,-0.7387624054388283,-0.10411200179560581
CTS,45,Carhart,-0.0045674894027751545,1.3812729292758652,0.956641087011556,0.5213707203618351,-0.7355199391453472
CTSH,45,Carhart,0.017059325347850318,1.044362445824893,0.39079602887082887,-0.3353099209109743,-0.30035178446864025
DAIO,45,Carhart,0.010037058414764627,0.8764692585506082,1.012927901198747,-0.32701804228162945,0.05217682333048883
DAKT,45,Carhart,0.007945987675402118,0.7892617895435518,0.8455851086238686,0.6935973089090515,-0.4371831620644228
DBD,45,Carhart,-0.009347119044569198,0.9036634217140534,0.32552311217949115,0.7380162226033518,-0.06581217286593603
DGII,45,Carhart,-0.0017197031928568784,1.184212719639093,1.2215638020473416,0.37844017228048965,-0.06108308648521393
DJCO,45,Carhart,0.010640821578590297,0.3409066496331201,0.28711684239265833,0.33480804552019827,0.15093483715224704
DOX,45,Carhart,0.00430137018216694,1.0909453988278508,0.6210361957796995,-0.4331348060626068,-0.3479800696411273
DSGX,45,Carhart,0.0060679422544137685,1.2844279080026069,1.0895197654948152,-1.0586569524244185,-0.22108049917266914
DSWL,45,Carhart,0.0021057413801643396,0.6170081379860801,0.3007336290953388,0.17622973929441588,-0.2290355201703466
ELSE,45,Carhart,0.008416795801059473,0.7101433990084827,0.798864661937322,0.053800697190145436,0.0897646394227113
ELTK,45,Carhart,0.0024495510309049985,1.086564801530029,2.418187753174852,-0.2003051082192279,0.4274519706401189
EXTR,45,Carhart,0.004082870963394887,1.8458455775648692,1.5790511815608528,-1.1140567607713752,-0.27574642991916654
FARO,45,Carhart,0.01377079316338401,1.7417450127402003,0.5659007790147332,0.09513724952094703,0.12296932473627997
FFIV,45,Carhart,0.019173990211111207,1.49900541628898,1.087774532059954,-2.0684749998656824,-0.775582267624936
FLEX,45,Carhart,-0.0007626636734530861,1.966908447037442,0.3651982339707463,-0.6870565745636373,-0.5418636533313612
FORD,45,Carhart,0.012280725248277257,0.02003925827830841,0.9916690745951187,-0.46115842479290137,-0.16443656163781403
FORTY,45,Carhart,0.00558512209711534,1.0305738385845506,0.8152871420003497,-0.3346220972932254,-0.2540771820697697
GLW,45,Carhart,0.0047237382067436265,1.646892616778483,0.5721756084003227,-0.9331911050341498,-0.3943265665773172
HLIT,45,Carhart,0.0006294445837628036,1.3264605707412818,1.9276187475548774,-0.36216258403776513,-0.7550315055078332
IBM,45,Carhart,0.002279525856077167,0.8836400841985781,-0.21021388503694294,-0.5364903001629016,-0.35324521647098195
IDN,45,Carhart,0.00591821378850267,0.9873416493884412,1.3615473720688738,0.33483935539539406,-0.31864077590637907
IIVI,45,Carhart,0.010884970359473129,1.053020773132983,1.1032623280822482,-0.19444709473199995,-0.14980210710241984
INFY,45,Carhart,0.00689474552805339,1.0275087168430714,0.9623235288383623,-1.0910924711729608,-0.24059886052459334
INS,45,Carhart,0.011418399314033425,0.832715103769974,1.2100776649041407,-0.5818770346509249,0.46814595400974146
INTC,45,Carhart,0.004149397142586873,1.1811826788918514,0.02605542856913798,-0.7282333817139299,-0.3278066724792093
INTT,45,Carhart,0.007841599875545006,0.6942387957720018,1.285508727705095,0.11478242642902395,-0.3494978938136009
INTU,45,Carhart,0.0087604783565453,1.1007255843616004,-0.17857503311253384,-0.5144092051392954,0.19055419251696318
ISNS,45,Carhart,0.02043859526231331,1.1216236390470486,-0.026548293290441838,0.24881314478184371,0.04516999917084605
IT,45,Carhart,0.008044812045533407,1.05014478814401,0.20995640081023176,0.2179090616425969,-0.2730990946423999
ITRI,45,Carhart,0.011945723442163218,0.8687151208230999,1.5577270373057204,-0.17070726221262789,-0.10261707021601277
IVAC,45,Carhart,0.011704617154478392,0.623664735128312,1.7731620543500608,-0.10382735837645263,-0.5225666385439729
JBL,45,Carhart,0.0033245196013735653,1.5992563593054459,0.5766369242173489,-0.7143567177031175,-0.5640346252503456
JNPR,45,Carhart,0.008266088875576668,1.7474685260074438,1.2788875811954572,-1.7805105810200483,-0.396623320708141
KLAC,45,Carhart,0.003995843454748271,1.650222665998772,0.8082438603762385,-0.4999919261103686,-0.28800015699191106
KLIC,45,Carhart,0.006196885411747543,1.6272421969462303,1.9327278126106926,-0.052451424245693545,-0.7893384353922732
KTCC,45,Carhart,0.02208082310571122,1.7247606312395376,-0.48733329892420135,-1.0124252563069072,-0.6453264307663277
KVHI,45,Carhart,0.010208596652315025,0.647548629889872,1.7924773697634098,-0.5680417729554834,-0.36861308727502096
LFUS,45,Carhart,0.005631510333366982,1.2686605461000973,0.7069209312950872,0.2561836564297318,-0.14007908923220225
LGL,45,Carhart,0.0018592588139509751,0.39163815409304914,0.8535027206413209,0.7570501717916034,-0.5369294694715253
LRCX,45,Carhart,0.008822491632892107,1.3287061907900553,1.075488918723079,-0.718296115642051,-0.6559998633447766
LSCC,45,Carhart,-0.002761340971006984,1.633525714327239,1.0800328834218247,-0.4653109319313399,-0.2983814748750144
MANH,45,Carhart,0.020641525690428594,1.9539760562819286,0.30352150820089796,-1.0466635465147998,0.053880343657276134
MCHP,45,Carhart,0.007063071262547808,0.9712059421117811,0.889369775209842,-0.3469575660324957,-0.255823424564437
MGIC,45,Carhart,0.0066571499320171685,1.0875025717906759,0.6119637324543075,-0.6130847327177351,-0.3414226849780423
MKSI,45,Carhart,0.0038544058510903145,1.5050947750805905,1.1053196629644138,-0.3508637281442347,-0.25044308546647465
MSFT,45,Carhart,0.005153574857802887,1.088529252695377,-0.23470116450537626,-0.6606948345193908,-0.2079725502302785
MSTR,45,Carhart,0.01428376560268053,1.6782644699099551,0.8595518699446355,-2.7209636113809315,-0.8824357377996472
MU,45,Carhart,0.004572165213289044,1.4418922680761388,0.7226533068116795,-0.5019047458951429,-0.36724770120558514
MVIS,45,Carhart,-0.01158351866214545,1.5009162529124116,2.44602325553167,-0.7934056163273414,-0.08607802446032803
NANO,45,Carhart,0.012601083059504865,2.0814637891081818,1.5067205774079597,-1.012808276536812,-0.33533942835843733
NCR,45,Carhart,0.0021261120154755604,1.3151125930259142,0.3221402805474687,0.35729153669664204,-0.30896188083727694
NICE,45,Carhart,0.007748174362953212,1.0996465156898934,0.8774046649619733,-0.8400246886566721,0.054669859205364504
NOK,45,Carhart,-0.003940500939494396,1.3818584783159795,-0.25586736454175407,-0.23975379869092728,-0.09104754721121833
NSIT,45,Carhart,0.006204750778662893,1.3523240146889468,1.5759790358597026,0.4526743475006677,-1.1411747310782812
NSSC,45,Carhart,0.018016565308783483,0.44980973243230254,0.46520860202258946,0.25457100470351757,-0.2348011914810912
NSYS,45,Carhart,0.004591927675026383,0.7067049500079681,0.5638062092739617,-0.2826614968391805,0.47014119041893765
NTAP,45,Carhart,0.008159896095841663,1.6854424866435647,1.5323581351929612,-1.1739833379244276,-0.3309306848725387
NTCT,45,Carhart,0.008831223530346134,1.1476162748085406,0.6551468802910474,-0.7015693534653262,-0.40944997227150925
NTN,45,Carhart,-0.0053893261077409375,1.2477251152419944,1.060143062683018,-0.7579409852755983,-0.25951998208649146
NTWK,45,Carhart,0.011705469917422296,2.306468986416003,1.196269616577998,-2.2290006576164956,-0.13997414649743173
NVDA,45,Carhart,0.024196580471466854,1.8094155759389166,0.8493565126705205,-0.8014087580804387,-0.41061344950338274
ORCL,45,Carhart,0.0022459342968301874,1.2116268744351604,0.24102819418015048,-0.6822007364250011,0.07711911714864192
OSIS,45,Carhart,0.018994005221524814,0.954869661035922,1.1522803942409934,-1.1186729907374264,0.3011397353181044
OTEX,45,Carhart,0.015780281997236283,0.9529394701097736,1.4344744555172753,-1.1050324862110499,0.06118206392412101
PEGA,45,Carhart,0.020833230826652158,0.7514095971388226,1.8957013881782476,-1.2524184616526046,-0.7452151274969461
PLAB,45,Carhart,0.008027165483474843,1.5611219737687054,2.1896988132595245,-0.10281124374655892,-0.9516932044887527
PLXS,45,Carhart,0.006935452961776753,1.3375696481277024,1.0292370545151766,-0.34846143665152474,-0.6663487934275845
PRGS,45,Carhart,-0.0009910229224875597,1.04525791980091,0.6611631376804139,0.15062260548852038,0.13358721543415356
QCOM,45,Carhart,-0.00044657843243476464,1.1192295357349593,-0.03419095920184555,-0.1413407421408409,-0.060081020241629174
QUIK,45,Carhart,-0.0009961705356089506,1.225382429392542,2.099886579222085,-0.22931306989435568,-0.2105916758748841
RDCM,45,Carhart,0.016207509558073284,0.6964721967500023,1.4024571212272772,-1.4198519647716914,-0.5386905794577691
RDWR,45,Carhart,0.00334143030646843,1.3027288545553928,1.1348533413340185,-1.0554800281284382,-0.09910995020080332
REFR,45,Carhart,0.0022315141528442203,0.4874699481496235,1.1620546396156883,-0.9775189955360201,-0.1796396159258099
RELL,45,Carhart,0.002852804493519138,0.870609965373945,0.8147410746742285,-0.14140156082444344,-0.10408308962218425
RF,45,Carhart,0.0,0.0,0.0,0.0,0.0
RFIL,45,Carhart,0.01978422348278565,0.9602905758877972,1.5581099287014846,-1.1048791021458246,0.09601371914305762
RMBS,45,Carhart,0.009826640714741621,1.4192601841331585,3.859444418885226,-1.2579784136719738,0.5790262016151478
ROG,45,Carhart,0.00301883274846286,1.1635951260928858,1.1705386714569874,0.5614965205432467,0.3289528426974013
ROP,45,Carhart,0.010513337165432807,0.9137782524275799,-0.21192419176053537,0.0742974571088916,-0.13134256990662374
SANM,45,Carhart,-0.001938332034477219,2.1092443111808246,0.9894772856555845,0.3962441711795746,-0.9997970670449616
SCSC,45,Carhart,0.003919447461741784,0.9985580833063166,0.9940824339405672,0.16720911287783158,-0.2509927345306273
SGMA,45,Carhart,0.007807753099569445,1.1079578673457884,1.110487329633648,-0.027856984321814382,-0.17763483693731325
SMRT,45,Carhart,0.0043124735992905155,1.1628981809636783,0.7374341357904723,1.2945569317848142,-0.5823214144057061
SMSI,45,Carhart,0.03552106975029967,1.8413747153279565,-0.27482914353801824,-0.7159031107190632,-2.434805758253476
SMTC,45,Carhart,0.003913168406070175,1.4059186607476544,0.6080612527520703,-0.6465357685947478,-0.04170918777205748
SNPS,45,Carhart,0.004119845382232059,1.0103700047481274,-0.2999166389803777,0.009632577798269287,-0.21298552989325265
SPNS,45,Carhart,9.626183342052036e-07,1.13060716583766,0.8390685308358077,-0.3831450353008414,-0.24447188248530655
STM,45,Carhart,-0.003731114068425606,1.482955343439092,0.5934290944439754,-0.23707445059224982,-0.3996402654513407
SYMC,45,Carhart,0.01004707015738551,0.6921258547123167,0.5367031520830534,-0.7143544576572383,-0.6113977152157803
TACT,45,Carhart,0.009654833415533798,0.9634455290375964,0.829215253318058,0.2985037144559315,-0.38403188405117655
TAIT,45,Carhart,0.004243051757406816,0.6104566513904541,0.8651006951474878,-0.6134012794212556,0.1750251034832568
TDY,45,Carhart,0.010478078418217908,1.3248874349317388,-0.46382258398347564,1.1414196663407625,0.28854537147990617
TER,45,Carhart,-0.0016111638142059547,1.5533235102129033,0.8890600662063852,-0.11819634698015846,-0.4704892551596032
TRMB,45,Carhart,0.009533021853551472,1.5355803579034437,0.16724628779964595,0.05514923811655234,-0.06507367586693955
TRT,45,Carhart,0.0033955112803079855,1.2464718418278666,1.167131674953461,-0.3108279209438539,-0.16395572366499436
TSM,45,Carhart,0.007514248208424237,1.17256188202464,0.4554940977583298,-0.8459249214779132,-0.47598566472174286
TXN,45,Carhart,0.0028596938613542843,1.3461198541887467,0.4386815831372123,-0.48053485928453443,0.04592631004045197
TYL,45,Carhart,0.01718945036504376,0.48408766297818556,0.6809845950552338,0.025549351336004597,-0.15602004085222243
UIS,45,Carhart,-0.00996708330303964,1.8861065009483222,1.268528173320209,1.1450182156213986,-1.0073323738669802
VECO,45,Carhart,-0.007513280007381811,1.8548802315845059,1.6686681547653541,0.198030039281434,0.005226062288274991
VRSN,45,Carhart,0.006579108713918761,1.5530293041190526,0.25434151670601207,-1.6489067273343285,-0.050345006239169765
VSAT,45,Carhart,0.00580472712946927,1.2643588970501207,0.7193694363085957,-0.6129448723813309,0.016173288836636476
VSH,45,Carhart,0.002478654815336535,1.6426013224820633,0.545164854583949,-0.008336522921824185,-0.6308256855990058
WDC,45,Carhart,0.021678879950588432,1.2760376155928927,0.19782940544587263,-1.2575434500799252,-0.8676541184981823
WSTL,45,Carhart,0.0030479336361117788,0.49936776443205344,2.2946963027889806,-0.5229901705768245,-0.7341762832195874
XRX,45,Carhart,-3.934214919926182e-06,1.3301254725844904,0.07188928658514546,-0.532633673044342,-0.7238829434475187
ZBRA,45,Carhart,0.007780971867023894,0.8756322876473559,0.5674183177059003,-0.38824470491485974,-0.23780322447832167
